{
	"@context":"https://w3id.org/openbadges/v2",
	"type":"Assertion",
	"id":"https://api.badgr.io/public/assertions/cia_4gjHSdGktcpGmuZ1gA",
	"badge":"https://api.badgr.io/public/badges/4JKlF19WR-6EDhRpqKeSTw",
	"image":"https://api.badgr.io/public/assertions/cia_4gjHSdGktcpGmuZ1gA/image",
	"verification":{
		"type":"HostedBadge"
	},
	"evidence":[
		{
			"type":"Evidence",
			"id":"https://ayemisan94.blogspot.com/2019/03/open-badges-are-free-and-open-open.html"
		}
	],
	"issuedOn":"2019-03-30T10:57:47.354755+00:00",
	"recipient":{
		"salt":"654a4233216a4c64bd10266f7f4a4142",
		"type":"email",
		"hashed":true,
		"identity":"sha256$adb23d63992b6905d507324eb3d7270155af6109d7632ac693d4c0d48256e6fb"
	},
	"extensions:recipientProfile":{
		"@context":"https://openbadgespec.org/extensions/recipientProfile/context.json",
		"type":[
			"Extension",
			"extensions:RecipientProfile"
		],
		"name":"Aye Mi San"
	}
}

