{
  "credentialTree": [
    {
      "name": "openbadges 101.json",
      "targetHash": "0x0012f63f61fe861112ed4804290b98784d5a53b931f6667749f80fa259108c6c92",
      "child": []
    },
    {
      "name": "openbadges 202.json",
      "targetHash": "0x000f8cac313fbd530d5673f34778116d1d735da4e1ce742f32699de85ef25c78ea",
      "child": []
    },
    {
      "name": "blockcerts.json",
      "targetHash": "0x000af598883c8950fc34d73d0648486bdea03707c859e7f1f2f5370852dbeac4f2",
      "child": []
    },
    {
      "name": "clr.json",
      "targetHash": "0x00da53eee2b4713605427ea9782c9bb5b64992bd89aaf0b2b0d61c337db2db4834",
      "child": []
    }
  ]
}