{
	"@context":"https://w3id.org/openbadges/v2",
	"type":"Assertion",
	"id":"https://api.badgr.io/public/assertions/WCuU_bCuSgmgfJvQp6sjtg",
	"badge":"https://api.badgr.io/public/badges/78EZetbHSW6_kG3ozQzxNA",
	"image":"https://api.badgr.io/public/assertions/WCuU_bCuSgmgfJvQp6sjtg/image",
	"verification":{
		"type":"HostedBadge"
	},
	"evidence":[
		{
			"type":"Evidence",
			"id":"https://trello.com/b/WET3GmQL/kanban"
		}
	],
	"issuedOn":"2019-03-30T11:38:36.704550+00:00",
	"recipient":{
		"salt":"c63f450f66274f8c8c6c421d606c7c00",
		"type":"email",
		"hashed":true,
		"identity":"sha256$092f5707acc650f7bd90aa01401426e486618b7c0f53389196731485f686e06d"
	},
	"extensions:recipientProfile":{
		"@context":"https://openbadgespec.org/extensions/recipientProfile/context.json",
		"type":[
			"Extension",
			"extensions:RecipientProfile"
		],
		"name":"Aye Mi San"
	}
}

